aaugustin = Aymeric Augustin <aymeric.augustin@m4x.org>
adrian = Adrian Holovaty <adrian@holovaty.com>
akaariai = Anssi Kääriäinen <anssi.kaariainen@thl.fi>
Alex = Alex Gaynor <alex.gaynor@gmail.com>
aljosa = Aljosa Mohorovic <aljosa.mohorovic@gmail.com>
andrewgodwin = Andrew Godwin <andrew@aeracode.org>
apollo13 = Florian Apolloner <florian@apolloner.eu>
arthurk = Arthur Koziel <arthur@arthurkoziel.com>
bbeck = Brian Beck <exogen@gmail.com>
bouldersprinters = Boulder Sprinters <boulder-sprinters@djangoproject.com>
brosner = Brian Rosner <brosner@gmail.com>
carljm = Carl Meyer <carl@oddbird.net>
ccahoon = Chris Cahoon <chris.cahoon@gmail.com>
claudep = Claude Paroz <claude@2xlibre.net>
clong = Christopher Long <indirecthit@gmail.com>
danderson = Derek Anderson <public@kered.org>
DrMeers = Simon Meers <simon@simonmeers.com>
gabrielhurley = Gabriel Hurley <gabehr@gmail.com>
garcia_marc = Marc Garcia <garcia.marc@gmail.com>
grahamd = Graham Dumpleton <graham.dumpleton@gmail.com>
gwilson = Gary Wilson Jr. <gary.wilson@gmail.com>
Honza_Kral = Honza Král <honza.kral@gmail.com>
hugo = Georg Bauer <gb@hugo.westfalen.de>
idangazit = Idan Gazit <idan@gazit.me>
ikelly = Ian Kelly <ian.g.kelly@gmail.com>
jacob = Jacob Kaplan-Moss <jacob@jacobian.org>
jbronn = Justin Bronn <jbronn@gmail.com>
jdunck = Jeremy Dunck <jdunck@gmail.com>
jezdez = Jannis Leidel <jannis@leidel.info>
jkocherhans = Joseph Kocherhans <jkocherhans@gmail.com>
jpellerin = Jason Pellerin <jpellerin@gmail.com>
jtauber = James Tauber <jtauber@jtauber.com>
julien = Julien Phalip <jphalip@gmail.com>
kkubasik = Kevin Kubasik <kevin@kubasik.net>
kmtracey = Karen Tracey <kmtracey@gmail.com>
loewis = Martin v. Löwis <martin@v.loewis.de>
lukeplant = Luke Plant <L.Plant.98@cantab.net>
mboersma = Matt Boersma <matt@sprout.org>
mtredinnick = Malcolm Tredinnick <malcolm.tredinnick@gmail.com>
PaulM = Paul McMillan <Paul@McMillan.ws>
ramiro = Ramiro Morales <cramm0@gmail.com>
rjwittams = Robert Wittams <robert@wittams.com>
rmunn = Robin Munn <robin.munn@gmail.com>
russellm = Russell Keith-Magee <russell@keith-magee.com>
simon = Simon Willison <simon@simonwillison.net>
SmileyChris = Chris Beaven <smileychris@gmail.com>
tekNico = Nicola Larosa <nico@teknico.net>
telenieko = Marc Fargas <telenieko@telenieko.com>
timo = Timo Graham <timograham@gmail.com>
toxik = Ludvig Ericson <ludvig.ericson@gmail.com>
ubernostrum = James Bennett <ubernostrum@gmail.com>
utrebec = Uroš Trebec <uros.trebec@gmail.com>
wilson = Wilson Miner <wminer@gmail.com>
xian = Christian Metts <xian@mintchaos.com>
zain = Zain Memon <zain@inzain.net>
zgoda = Jarek Zgoda <jarek.zgoda@redefine.pl>


dcf = Duncan Foster <dcf@europe.renre.com>
cell = NAME <USER@DOMAIN>
